job_id,status,error
smoke_abundance_only_calibration_seed0,resumed,
smoke_abundance_only_evaluation_seed1,resumed,
smoke_aligned_dynamics_calibration_seed0,resumed,
smoke_aligned_dynamics_evaluation_seed1,resumed,
smoke_centroid_shift_calibration_seed0,resumed,
smoke_centroid_shift_evaluation_seed1,resumed,
smoke_covariance_only_calibration_seed0,resumed,
smoke_covariance_only_evaluation_seed1,resumed,
smoke_discordant_dynamics_calibration_seed0,resumed,
smoke_discordant_dynamics_evaluation_seed1,resumed,
smoke_local_warp_calibration_seed0,resumed,
smoke_local_warp_evaluation_seed1,resumed,
smoke_null_calibration_seed0,resumed,
smoke_null_evaluation_seed1,resumed,
smoke_outlier_contamination_calibration_seed0,resumed,
smoke_outlier_contamination_evaluation_seed1,resumed,
smoke_replicate_heterogeneity_calibration_seed0,resumed,
smoke_replicate_heterogeneity_evaluation_seed1,resumed,
smoke_representation_corruption_calibration_seed0,resumed,
smoke_representation_corruption_evaluation_seed1,resumed,
smoke_unequal_cell_counts_calibration_seed0,resumed,
smoke_unequal_cell_counts_evaluation_seed1,resumed,
